Workbook
Name Slicer_Country: #N/A
Name Slicer_Country1: #N/A
Name Slicer_Date: #N/A
Name Slicer_Date__Year: #N/A
Name Slicer_Policy_Index: #N/A
Name Slicer_Policy_Index1: #N/A

Sheet Plastic_Pollution_Data
A1: Record_ID | B1: Date | C1: Country | D1: City | E1: Region | F1: Source_Type | G1: Plastic_Type | H1: Waste_Tons | I1: Recycled_Tons | J1: Mismanaged_Tons | K1: Ocean_Leakage_Tons | L1: Population | M1: Waste_Per_Capita | N1: Cleanup_Cost_USD | O1: Policy_Index | P1: Awareness_Index | Q1: Industrial_Contribution | R1: Household_Contribution | S1: Tourism_Contribution | T1: River_Proximity | U1: Column1
A2: 28 | B2: 44645 | C2: Australia | D2: Mumbai | E2: Oceania | F2: Household | G2: PVC | H2: 2487.47 | I2: 485.89 | J2: 2001.58 | K2: 212.54 | L2: 14681687 | M2: 0.000169 | N2: 314811.6 | O2: 2.83 | P2: 6.44 | Q2: 55.37 | R2: 36.62 | S2: 8.01 | T2: Moderate | U2: =YEAR(Plastic_Pollution_Data[[#This Row],[Date]]) -> 2022
A3: 72 | B3: 44906 | C3: Germany | D3: Delhi | E3: Oceania | F3: Commercial | G3: HDPE | H3: 3360.79 | I3: 1389.15 | J3: 1971.64 | K3: 306.32 | L3: 17195175 | M3: 0.000195 | N3: 196144.65 | O3: 2.38 | P3: 1.45 | Q3: 14.75 | R3: 59.01 | S3: 26.24 | T3: Moderate | U3: =YEAR(Plastic_Pollution_Data[[#This Row],[Date]]) -> 2022
A4: 78 | B4: 45400 | C4: UK | D4: London | E4: Oceania | F4: Commercial | G4: PS | H4: 4603.84 | I4: 1711.89 | J4: 2891.95 | K4: 378.41 | L4: 3262053 | M4: 0.001411 | N4: 295661.74 | O4: 3.42 | P4: 8.25 | Q4: 53.54 | R4: 15.4 | S4: 31.06 | T4: Moderate | U4: =YEAR(Plastic_Pollution_Data[[#This Row],[Date]]) -> 2024
A5: 93 | B5: 44779 | C5: Indonesia | D5: New York | E5: Oceania | F5: Industrial | G5: HDPE | H5: 2081.89 | I5: 1215.83 | J5: 866.06 | K5: 125.53 | L5: 19240574 | M5: 0.000108 | N5: 118237.58 | O5: 5.28 | P5: 1.38 | Q5: 25.65 | R5: 20.31 | S5: 54.04 | T5: Moderate | U5: =YEAR(Plastic_Pollution_Data[[#This Row],[Date]]) -> 2022
A6: 103 | B6: 45009 | C6: China | D6: Berlin | E6: Oceania | F6: Industrial | G6: HDPE | H6: 4589.03 | I6: 1033.69 | J6: 3555.34 | K6: 801.27 | L6: 19042438 | M6: 0.000241 | N6: 377638.98 | O6: 8.14 | P6: 7.8 | Q6: 31.65 | R6: 59.86 | S6: 8.49 | T6: Moderate | U6: =YEAR(Plastic_Pollution_Data[[#This Row],[Date]]) -> 2023
A7: 108 | B7: 44681 | C7: Australia | D7: New York | E7: Oceania | F7: Household | G7: Other | H7: 3662.82 | I7: 970.56 | J7: 2692.26 | K7: 796.1 | L7: 4185048 | M7: 0.000875 | N7: 535345.56 | O7: 7.78 | P7: 9.38 | Q7: 42.37 | R7: 31.83 | S7: 25.8 | T7: Moderate | U7: =YEAR(Plastic_Pollution_Data[[#This Row],[Date]]) -> 2022
A8: 123 | B8: 44874 | C8: Germany | D8: Mumbai | E8: Oceania | F8: Commercial | G8: LDPE | H8: 4567.19 | I8: 1843.27 | J8: 2723.92 | K8: 491.67 | L8: 6771504 | M8: 0.000674 | N8: 150474.69 | O8: 6.53 | P8: 1.92 | Q8: 46.46 | R8: 41.56 | S8: 11.98 | T8: Moderate | U8: =YEAR(Plastic_Pollution_Data[[#This Row],[Date]]) -> 2022
A9: 131 | B9: 44694 | C9: Australia | D9: Delhi | E9: Oceania | F9: Household | G9: PP | H9: 4197.74 | I9: 2181.78 | J9: 2015.96 | K9: 186.52 | L9: 2023620 | M9: 0.002074 | N9: 161782.41 | O9: 5.26 | P9: 5.58 | Q9: 59.45 | R9: 22.14 | S9: 18.41 | T9: Moderate | U9: =YEAR(Plastic_Pollution_Data[[#This Row],[Date]]) -> 2022
A10: 141 | B10: 45052 | C10: Indonesia | D10: Rio | E10: Oceania | F10: Commercial | G10: PP | H10: 3330.05 | I10: 1121.1 | J10: 2208.95 | K10: 619.84 | L10: 11831033 | M10: 0.000281 | N10: 300316.84 | O10: 7.12 | P10: 9.02 | Q10: 68.33 | R10: 44.61 | S10: -12.94 | T10: Moderate | U10: =YEAR(Plastic_Pollution_Data[[#This Row],[Date]]) -> 2023
A11: 147 | B11: 45073 | C11: China | D11: Jakarta | E11: Oceania | F11: Household | G11: Other | H11: 4468.29 | I11: 1989.06 | J11: 2479.23 | K11: 653.57 | L11: 6576315 | M11: 0.000679 | N11: 213303.43 | O11: 8.56 | P11: 5.3 | Q11: 65.41 | R11: 59.87 | S11: -25.28 | T11: Moderate | U11: =YEAR(Plastic_Pollution_Data[[#This Row],[Date]]) -> 2023
A12: 150 | B12: 44689 | C12: UK | D12: Mumbai | E12: Oceania | F12: Tourism | G12: PVC | H12: 99.81 | I12: 48.6 | J12: 51.21 | K12: 14.37 | L12: 11765410 | M12: 8e-06 | N12: 6639.84 | O12: 6.49 | P12: 7.29 | Q12: 67.23 | R12: 21.76 | S12: 11.01 | T12: Moderate | U12: =YEAR(Plastic_Pollution_Data[[#This Row],[Date]]) -> 2022
A13: 156 | B13: 45012 | C13: Australia | D13: Sydney | E13: Oceania | F13: Industrial | G13: PP | H13: 906.13 | I13: 156.74 | J13: 749.39 | K13: 122.26 | L13: 9178037 | M13: 9.9e-05 | N13: 121824.2 | O13: 2.68 | P13: 2.29 | Q13: 27.85 | R13: 27.41 | S13: 44.74 | T13: Moderate | U13: =YEAR(Plastic_Pollution_Data[[#This Row],[Date]]) -> 2023
... A41: 563 | B41: 45431 | C41: Brazil | D41: London | E41: Oceania | F41: Tourism | G41: PP | H41: 439.93 | I41: 246.42 | J41: 193.51 | K41: 26.69 | L41: 19638935 | M41: 2.2e-05 | N41: 21893.42 | O41: 7.67 | P41: 9.11 | Q41: 41.82 | R41: 34.31 | S41: 23.87 | T41: Moderate | U41: =YEAR(Plastic_Pollution_Data[[#This Row],[Date]]) -> 2024
A42: 613 | B42: 44578 | C42: India | D42: Beijing | E42: Oceania | F42: Commercial | G42: HDPE | H42: 2576.73 | I42: 1264.47 | J42: 1312.26 | K42: 171.76 | L42: 5512817 | M42: 0.000467 | N42: 259758.73 | O42: 1.56 | P42: 7.39 | Q42: 59.76 | R42: 25.3 | S42: 14.94 | T42: Moderate | U42: =YEAR(Plastic_Pollution_Data[[#This Row],[Date]]) -> 2022 | V42: =SUMIF(Plastic_Pollution_Data[Country],$C$1455,Plastic_Pollution_Data[Waste_Tons]) -> 488842.17
A43: 635 | B43: 44961 | C43: India | D43: Jakarta | E43: Oceania | F43: Household | G43: PP | H43: 1443.2 | I43: 507.66 | J43: 935.54 | K43: 136.64 | L43: 14035868 | M43: 0.000103 | N43: 52744.84 | O43: 6.01 | P43: 3.51 | Q43: 30.14 | R43: 17.55 | S43: 52.31 | T43: Moderate | U43: =YEAR(Plastic_Pollution_Data[[#This Row],[Date]]) -> 2023
A44: 636 | B44: 45362 | C44: UK | D44: Sydney | E44: Oceania | F44: Tourism | G44: LDPE | H44: 2500.23 | I44: 1126.78 | J44: 1373.45 | K44: 275.1 | L44: 4921487 | M44: 0.000508 | N44: 128954.53 | O44: 7.19 | P44: 5.49 | Q44: 68 | R44: 16.83 | S44: 15.17 | T44: Moderate | U44: =YEAR(Plastic_Pollution_Data[[#This Row],[Date]]) -> 2024
A45: 655 | B45: 45258 | C45: Brazil | D45: Berlin | E45: Oceania | F45: Commercial | G45: HDPE | H45: 758.37 | I45: 140.47 | J45: 617.9 | K45: 125.69 | L45: 592736 | M45: 0.001279 | N45: 60995.2 | O45: 4.31 | P45: 7.67 | Q45: 65.92 | R45: 38.3 | S45: -4.22 | T45: Moderate | U45: =YEAR(Plastic_Pollution_Data[[#This Row],[Date]]) -> 2023
A46: 674 | B46: 45054 | C46: Indonesia | D46: London | E46: Oceania | F46: Industrial | G46: HDPE | H46: 3438.1 | I46: 598.34 | J46: 2839.76 | K46: 490 | L46: 9245200 | M46: 0.000372 | N46: 213656.52 | O46: 6.01 | P46: 9.66 | Q46: 60.58 | R46: 12.86 | S46: 26.56 | T46: Moderate | U46: =YEAR(Plastic_Pollution_Data[[#This Row],[Date]]) -> 2023
A47: 686 | B47: 45143 | C47: Indonesia | D47: London | E47: Oceania | F47: Household | G47: LDPE | H47: 1396.74 | I47: 663.55 | J47: 733.19 | K47: 78.18 | L47: 6441279 | M47: 0.000217 | N47: 123988.47 | O47: 9.57 | P47: 6.8 | Q47: 38.24 | R47: 42.13 | S47: 19.63 | T47: Moderate | U47: =YEAR(Plastic_Pollution_Data[[#This Row],[Date]]) -> 2023
A48: 704 | B48: 44804 | C48: India | D48: Beijing | E48: Oceania | F48: Industrial | G48: PET | H48: 1362.59 | I48: 153.27 | J48: 1209.32 | K48: 221.24 | L48: 1616502 | M48: 0.000843 | N48: 177373.56 | O48: 4.33 | P48: 9.03 | Q48: 27.31 | R48: 18.6 | S48: 54.09 | T48: Moderate | U48: =YEAR(Plastic_Pollution_Data[[#This Row],[Date]]) -> 2022
A49: 706 | B49: 45465 | C49: Germany | D49: Mumbai | E49: Oceania | F49: Tourism | G49: PP | H49: 3994.52 | I49: 1558.68 | J49: 2435.84 | K49: 171.17 | L49: 3201844 | M49: 0.001248 | N49: 166477.14 | O49: 3.8 | P49: 8.63 | Q49: 45.74 | R49: 26.23 | S49: 28.03 | T49: Moderate | U49: =YEAR(Plastic_Pollution_Data[[#This Row],[Date]]) -> 2024
A50: 737 | B50: 45056 | C50: UK | D50: Delhi | E50: Oceania | F50: Industrial | G50: PS | H50: 517.68 | I50: 82.12 | J50: 435.56 | K50: 123.74 | L50: 1062872 | M50: 0.000487 | N50: 53192.26 | O50: 6.05 | P50: 9.65 | Q50: 68.35 | R50: 38.46 | S50: -6.81 | T50: Moderate | U50: =YEAR(Plastic_Pollution_Data[[#This Row],[Date]]) -> 2023
A51: 760 | B51: 44697 | C51: Germany | D51: Delhi | E51: Oceania | F51: Commercial | G51: LDPE | H51: 4819.56 | I51: 1651.12 | J51: 3168.44 | K51: 185.15 | L51: 3961618 | M51: 0.001217 | N51: 457561.89 | O51: 1.89 | P51: 9.82 | Q51: 20.08 | R51: 30.04 | S51: 49.88 | T51: Moderate | U51: =YEAR(Plastic_Pollution_Data[[#This Row],[Date]]) -> 2022
A52: 770 | B52: 45249 | C52: USA | D52: Jakarta | E52: Oceania | F52: Tourism | G52: PVC | H52: 4916.98 | I52: 1087.98 | J52: 3829 | K52: 204.16 | L52: 5326939 | M52: 0.000923 | N52: 722516.99 | O52: 5.23 | P52: 8.23 | Q52: 67.56 | R52: 53.16 | S52: -20.72 | T52: Moderate | U52: =YEAR(Plastic_Pollution_Data[[#This Row],[Date]]) -> 2023
A53: 808 | B53: 45205 | C53: China | D53: Sydney | E53: Oceania | F53: Industrial | G53: PET | H53: 4576.78 | I53: 1750.67 | J53: 2826.11 | K53: 347.13 | L53: 8190643 | M53: 0.000559 | N53: 419308.08 | O53: 9.2 | P53: 3.04 | Q53: 58.56 | R53: 16.45 | S53: 24.99 | T53: Moderate | U53: =YEAR(Plastic_Pollution_Data[[#This Row],[Date]]) -> 2023
A54: 810 | B54: 44808 | C54: Germany | D54: Berlin | E54: Oceania | F54: Commercial | G54: PP | H54: 980.95 | I54: 389.25 | J54: 591.7 | K54: 169.22 | L54: 8513757 | M54: 0.000115 | N54: 110557.42 | O54: 9.31 | P54: 3.94 | Q54: 66.82 | R54: 26.34 | S54: 6.84 | T54: Moderate | U54: =YEAR(Plastic_Pollution_Data[[#This Row],[Date]]) -> 2022
... A1501: 1495 | B1501: 44770 | C1501: China | D1501: Berlin | E1501: Oceania | F1501: Tourism | G1501: Other | H1501: 3257.12 | I1501: 1348.31 | J1501: 1908.81 | K1501: 515.21 | L1501: 11370586 | M1501: 0.000286 | N1501: 131534.19 | O1501: 7.99 | P1501: 1.36 | Q1501: 62.81 | R1501: 17.1 | S1501: 20.09 | T1501: Far | U1501: =YEAR(Plastic_Pollution_Data[[#This Row],[Date]]) -> 2022

Sheet Country Breakdown Tables
A1: Country | B1: Total Waste (T) | C1: Recycled (T) | D1: Mismanaged (T) | E1: Ocean Leakage (T) | F1: Cleanup Cost ($) | G1: Policy Index | H1: Awareness Index | I1: Waste/Capita | J1: Records | M1: Source Breakdown (by Country) | S1: Plastic Type Breakdown (by Country)
A2: Australia | B2: 488842.17 | C2: 170409.45 | D2: 318432.72 | E2: 55601.62 | F2: 41224888 | G2: 5.55 | H2: 5.49 | I2: 0 | J2: 193 | M2: Country | N2: Commercial | O2: Household | P2: Industrial | Q2: Tourism | S2: Country | T2: HDPE | U2: LDPE | V2: Other | W2: PET | X2: PP | Y2: PS | Z2: PVC
A3: Brazil | B3: 477746.74 | C3: 168261.74 | D3: 309485 | E3: 54158.18 | F3: 37778157 | G3: 5.54 | H3: 5.54 | I3: 0 | J3: 191 | M3: Australia | N3: 116701.07 | O3: 166547.58 | P3: 103757.06 | Q3: 101836.46 | S3: Australia | T3: 94856.27 | U3: 67057.56 | V3: 67692.53 | W3: 75135.48 | X3: 68140.06 | Y3: 71176.61 | Z3: 44783.66
A4: China | B4: 547463.65 | C4: 188513.76 | D4: 358949.89 | E4: 62409.56 | F4: 45681807 | G4: 5.15 | H4: 5.34 | I4: 0 | J4: 199 | M4: Brazil | N4: 112528.93 | O4: 124964.2 | P4: 95798.51 | Q4: 144455.1 | S4: Brazil | T4: 66412.38 | U4: 72939.56 | V4: 57705.93 | W4: 62569.51 | X4: 77708.14 | Y4: 72180.89 | Z4: 68230.33
A5: Germany | B5: 467463.35 | C5: 161640.62 | D5: 305822.73 | E5: 54639.49 | F5: 35417413 | G5: 5.63 | H5: 5.7 | I5: 0 | J5: 193 | M5: China | N5: 122872.98 | O5: 143054 | P5: 122375.24 | Q5: 159161.43 | S5: China | T5: 104556.66 | U5: 86605.86 | V5: 59939.38 | W5: 72663.78 | X5: 59942.08 | Y5: 72131.88 | Z5: 91624.01
A6: India | B6: 463381.53 | C6: 160649.72 | D6: 302731.81 | E6: 52402.17 | F6: 38811994 | G6: 5.45 | H6: 5.67 | I6: 0 | J6: 185 | M6: Germany | N6: 129805.9 | O6: 77348.14 | P6: 136472.7 | Q6: 123836.61 | S6: Germany | T6: 69941 | U6: 89953.84 | V6: 83047.18 | W6: 51577.97 | X6: 57035.63 | Y6: 60881.38 | Z6: 55026.35
A7: Indonesia | B7: 489701.02 | C7: 170894.78 | D7: =SUMIF(Plastic_Pollution_Data[Country],Plastic_Pollution_Data!$C$114,Plastic_Pollution_Data!J1:J2) -> 282718.97 | E7: 56932.04 | F7: 38392362 | G7: 5.67 | H7: 5.7 | I7: 0 | J7: 190 | M7: India | N7: 142887.48 | O7: 105574.43 | P7: 99186.18 | Q7: 115733.44 | S7: India | T7: 70301.65 | U7: 63212.92 | V7: 62802.58 | W7: 71443.88 | X7: 63308.83 | Y7: 69791.89 | Z7: 62519.78
A8: UK | B8: 435960.67 | C8: 158875.57 | D8: 277085.1 | E8: 49000.44 | F8: 33205852 | G8: 4.97 | H8: 5.45 | I8: 0 | J8: 177 | M8: Indonesia | N8: 127505.53 | O8: 141926.95 | P8: 108723.98 | Q8: 111544.56 | S8: Indonesia | T8: 79708.85 | U8: 73206.26 | V8: 60742.52 | W8: 82279.85 | X8: 68712.08 | Y8: 59630.8 | Z8: 65420.66
A9: USA | B9: 437234.38 | C9: 159347.03 | D9: 277887.35 | E9: 48545.31 | F9: 35643350 | G9: 5.28 | H9: 5.46 | I9: 0 | J9: 172 | M9: UK | N9: 105238.8 | O9: 108422.04 | P9: 100787.23 | Q9: 121512.6 | S9: UK | T9: 58476.37 | U9: 68089.33 | V9: 45057.38 | W9: 75883.1 | X9: 47893.99 | Y9: 80483.52 | Z9: 60076.98
M10: USA | N10: 95086.22 | O10: 98934.23 | P10: 135562.44 | Q10: 107651.49 | S10: USA | T10: 51139.27 | U10: 68126.53 | V10: 38888.75 | W10: 99427.45 | X10: 37880.97 | Y10: 79844.3 | Z10: 61927.11
A13: Country | B13: Recycled Rate (%) | C13: Mismanaged rate | D13: Occean Leakage rate
A14: Australia | B14: =C3/B3 -> 0.35219861 | C14: =D3/B3 -> 0.64780139 | D14: =E3/B3 -> 0.11336169
A15: Brazil | B15: =C4/B4 -> 0.34434023 | C15: =D4/B4 -> 0.65565977 | D15: =E4/B4 -> 0.11399763
A16: China | B16: =C5/B5 -> 0.34578244 | C16: =D5/B5 -> 0.65421756 | D16: =E5/B5 -> 0.11688508
A17: Germany | B17: =C6/B6 -> 0.34668995 | C17: =D6/B6 -> 0.65331005 | D17: =E6/B6 -> 0.11308645
A18: India | B18: =C7/B7 -> 0.34897779 | C18: =D7/B7 -> 0.57732976 | D18: =E7/B7 -> 0.11625877
A19: Indonesia | B19: =C8/B8 -> 0.36442638 | C19: =D8/B8 -> 0.63557362 | D19: =E8/B8 -> 0.11239647
A20: UK | B20: =C9/B9 -> 0.36444305 | C20: =D9/B9 -> 0.63555695 | D20: =E9/B9 -> 0.11102812
A21: USA | B21: =C9/B9 -> 0.36444305 | C21: =D9/B9 -> 0.63555695 | D21: =E9/B9 -> 0.11102812

Sheet Overview
A1: 🌍 PLASTIC POLLUTION — GLOBAL OVERVIEW
B4: Total Waste | D4: Recycle Rate
B5: =SUM([1]Plastic_Pollution_Data!G:G) -> 3807793.5 | D5: =Overview!$D$5 -> 0.35154025
B7: Total Recycled | D7: Mismanaged Rate
B8: =SUM(Plastic_Pollution_Data[Recycled_Tons]) -> 1338592.7 | D8: =SUM([1]Plastic_Pollution_Data!I:I)/SUM([1]Plastic_Pollution_Data!G:G) -> 0.64845975
B10: Mismanaged | D10: Oceans Leakage
B11: =SUM([1]Plastic_Pollution_Data!I:I) -> 2469200.8 | D11: =SUM([1]Plastic_Pollution_Data!J:J)/SUM([1]Plastic_Pollution_Data!G:G) -> 0.11389504
B13: Ocean Lekage | D13: Waste Per Capita
B14: =SUM([1]Plastic_Pollution_Data!J:J) -> 433688.81 | D14: =SUM([1]Plastic_Pollution_Data!G:G)/SUM([1]Plastic_Pollution_Data!K:K) -> 0.00025769028
B16: Total Cleanup Cost
B17: =SUM(Plastic_Pollution_Data[Cleanup_Cost_USD]) -> 3.0615582e+08

Sheet Country wise comparision
A1: 🌍 PLASTIC POLLUTION — COUNTRY WISE COMPARISION
D3: Select a Country below to auto-populate all metrics
B5: 🔍 SELECT COUNTRY | F5: 📊 COMPARE WITH COUNTRY
B6: Indonesia | F6: Australia
B8: 📦 CORE WASTE METRICS | F8: 📦 CORE WASTE METRICS
B9: Total Waste (Tons) | C9: {=_xlfn.XLOOKUP($B$6,'Country Breakdown Tables'!A2:$A$9,'Country Breakdown Tables'!B2:B9,"")} -> 489701.02 | F9: Total Waste (Tons) | G9: =_xlfn.XLOOKUP($F$6,'Country Breakdown Tables'!$A$2:$A$9,'Country Breakdown Tables'!$B2:$B9,,0) -> 488842.17
B10: Recycled (Tons) | C10: =_xlfn.XLOOKUP(B6,'Country Breakdown Tables'!A2:A9,'Country Breakdown Tables'!C2:C9,,0) -> 170894.78 | F10: Recycled (Tons) | G10: =_xlfn.XLOOKUP(F6,'Country Breakdown Tables'!A2:A9,'Country Breakdown Tables'!C2:C9,,"0") -> 170409.45
B11: Mismanaged (Tons) | C11: =_xlfn.XLOOKUP($B$6,'Country Breakdown Tables'!$A$2:$A$9,'Country Breakdown Tables'!D2:D9,,0) -> 282718.97 | F11: Mismanaged (Tons) | G11: =_xlfn.XLOOKUP(F6,'Country Breakdown Tables'!$A$2:$A$9,'Country Breakdown Tables'!D2:D9,,0) -> 318432.72
B12: Ocean Leakage (Tons) | C12: =_xlfn.XLOOKUP($B$6,'Country Breakdown Tables'!$A$2:$A$9,'Country Breakdown Tables'!E2:E9,,0) -> 56932.04 | F12: Ocean Leakage (Tons) | G12: =_xlfn.XLOOKUP(F6,'Country Breakdown Tables'!$A$2:$A$9,'Country Breakdown Tables'!E2:E9,,0) -> 55601.62
B14: 💰 FINANCIAL & POLICY METRICS | F14: 💰 FINANCIAL & POLICY METRICS
B15: Cleanup Cost ($) | C15: =_xlfn.XLOOKUP($B$6,'Country Breakdown Tables'!$A$2:$A$9,'Country Breakdown Tables'!F2:F9,,0) -> 38392362 | F15: Cleanup Cost ($) | G15: =_xlfn.XLOOKUP(F6,'Country Breakdown Tables'!$A$2:$A$9,'Country Breakdown Tables'!F2:F9,,0) -> 41224888
B16: Policy Index (avg) | C16: =_xlfn.XLOOKUP($B$6,'Country Breakdown Tables'!$A$2:$A$9,'Country Breakdown Tables'!G2:G9,,0) -> 5.67 | F16: Policy Index (avg) | G16: =_xlfn.XLOOKUP($B$6,'Country Breakdown Tables'!$A$2:$A$9,'Country Breakdown Tables'!G2:G9,,0) -> 5.67
B17: Awareness Index (avg) | C17: =_xlfn.XLOOKUP($B$6,'Country Breakdown Tables'!$A$2:$A$9,'Country Breakdown Tables'!H2:H9,,0) -> 5.7 | F17: Awareness Index (avg) | G17: =_xlfn.XLOOKUP(F6,'Country Breakdown Tables'!$A$2:$A$9,'Country Breakdown Tables'!H2:H9,,0) -> 5.49
B18: Waste Per Capita (avg) | C18: =_xlfn.XLOOKUP($B$6,'Country Breakdown Tables'!$A$2:$A$9,'Country Breakdown Tables'!I2:I9,,0) -> 0 | F18: Waste Per Capita (avg) | G18: =_xlfn.XLOOKUP(F6,'Country Breakdown Tables'!$A$2:$A$9,'Country Breakdown Tables'!I2:I9,,0) -> 0
B19: # Records | C19: =_xlfn.XLOOKUP($B$6,'Country Breakdown Tables'!$A$2:$A$9,'Country Breakdown Tables'!J2:J9,,0) -> 190 | F19: # Records | G19: =_xlfn.XLOOKUP(F6,'Country Breakdown Tables'!$A$2:$A$9,'Country Breakdown Tables'!J2:J9,,0) -> 193
B21: 🏭 SOURCE TYPE BREAKDOWN (Tons) | F21: 🏭 SOURCE TYPE BREAKDOWN (Tons)
B22: Commercial | C22: =_xlfn.XLOOKUP($B$6,'Country Breakdown Tables'!$M$3:$M$10,'Country Breakdown Tables'!N3:N10,,0) -> 127505.53 | F22: Commercial | G22: =_xlfn.XLOOKUP($F$6,[2]Country_Data!$L$3:$L$10,[2]Country_Data!$M$3:$M$10,"N/A") -> 116701.07
B23: Household | C23: =_xlfn.XLOOKUP($B$6,'Country Breakdown Tables'!$M$3:$M$10,'Country Breakdown Tables'!O3:O10,0) -> 141926.95 | F23: Household | G23: =_xlfn.XLOOKUP($F$6,[2]Country_Data!$L$3:$L$10,[2]Country_Data!$N$3:$N$10,"N/A") -> 166547.58
B24: Industrial | C24: =_xlfn.XLOOKUP($B$6,'Country Breakdown Tables'!$M$3:$M$10,'Country Breakdown Tables'!P3:P10,,0) -> 108723.98 | F24: Industrial | G24: =_xlfn.SINGLE(_xlfn.XLOOKUP($F$6,[2]Country_Data!$L$3:$L$10,[2]Country_Data!$O$3:$O$10,"N/A")) -> 103757.06
B25: Tourism | C25: =_xlfn.XLOOKUP($B$6,'Country Breakdown Tables'!$M$3:$M$10,'Country Breakdown Tables'!Q3:Q10,,0) -> 111544.56 | F25: Tourism | G25: =_xlfn.SINGLE(_xlfn.XLOOKUP($F$6,[2]Country_Data!$L$3:$L$10,[2]Country_Data!$P$3:$P$10,"N/A")) -> 101836.46
B27: ♻️ PLASTIC TYPE BREAKDOWN (Tons) | F27: ♻️ PLASTIC TYPE BREAKDOWN (Tons)
B28: HDPE | C28: {=_xlfn.XLOOKUP($B$6,'Country Breakdown Tables'!S3:$S$10,'Country Breakdown Tables'!T3:T10,,0)} -> 79708.85 | F28: HDPE | G28: {=_xlfn.XLOOKUP(F6,'Country Breakdown Tables'!S3:$S$10,'Country Breakdown Tables'!T3:T10,,0)} -> 94856.27
B29: LDPE | C29: =_xlfn.XLOOKUP($B$6,'Country Breakdown Tables'!$S$3:$S$10,'Country Breakdown Tables'!U3:U10,,0) -> 73206.26 | F29: LDPE | G29: =_xlfn.XLOOKUP(F6,'Country Breakdown Tables'!$S$3:$S$10,'Country Breakdown Tables'!U3:U10,,0) -> 67057.56
B30: Other | C30: =_xlfn.XLOOKUP($B$6,'Country Breakdown Tables'!$S$3:$S$10,'Country Breakdown Tables'!V3:V10,,0) -> 60742.52 | F30: Other | G30: =_xlfn.XLOOKUP(F6,'Country Breakdown Tables'!$S$3:$S$10,'Country Breakdown Tables'!V3:V10,,0) -> 67692.53
B31: PET | C31: =_xlfn.XLOOKUP($B$6,'Country Breakdown Tables'!$S$3:$S$10,'Country Breakdown Tables'!W3:W10,,0) -> 82279.85 | F31: PET | G31: =_xlfn.XLOOKUP(F6,'Country Breakdown Tables'!$S$3:$S$10,'Country Breakdown Tables'!W3:W10,,0) -> 75135.48
B32: PP | C32: =_xlfn.XLOOKUP($B$6,'Country Breakdown Tables'!$S$3:$S$10,'Country Breakdown Tables'!X3:X10,,0) -> 68712.08 | F32: PP | G32: =_xlfn.XLOOKUP(F6,'Country Breakdown Tables'!$S$3:$S$10,'Country Breakdown Tables'!X3:X10,,0) -> 68140.06
B33: PS | C33: =_xlfn.XLOOKUP($B$6,'Country Breakdown Tables'!$S$3:$S$10,'Country Breakdown Tables'!Y3:Y10,,0) -> 59630.8 | F33: PS | G33: =_xlfn.XLOOKUP(F6,'Country Breakdown Tables'!$S$3:$S$10,'Country Breakdown Tables'!Y3:Y10,,0) -> 71176.61
B34: PVC | C34: =_xlfn.XLOOKUP($B$6,'Country Breakdown Tables'!$S$3:$S$10,'Country Breakdown Tables'!Z3:Z10,,0) -> 65420.66 | F34: PVC | G34: =_xlfn.XLOOKUP($B$6,'Country Breakdown Tables'!$S$3:$S$10,'Country Breakdown Tables'!Z3:Z10,,0) -> 65420.66
B36: 📈 DERIVED KPIs | F36: 📈 DERIVED KPIs
B37: Recycling Rate (%) | C37: =_xlfn.XLOOKUP($B$6,'Country Breakdown Tables'!$A$14:$A$21,'Country Breakdown Tables'!B14:B21,,0) -> 0.36442638 | F37: Recycling Rate (%) | G37: =IFERROR(_xlfn.SINGLE(_xlfn.XLOOKUP($F$6,[2]Country_Data!$A$2:$A$9,[2]Country_Data!$C$2:$C$9))/_xlfn.SINGLE(_xlfn.XLOOKUP($F$6,[2]Country_Data!$A$2:$A$9,[2]Country_Data!$B$2:$B$9)),"-") -> 0.3485981
B38: Mismanagement Rate (%) | C38: =_xlfn.XLOOKUP($B$6,'Country Breakdown Tables'!$A$14:$A$21,'Country Breakdown Tables'!C14:C21,,0) -> 0.63557362 | F38: Mismanagement Rate (%) | G38: =IFERROR(_xlfn.SINGLE(_xlfn.XLOOKUP($F$6,[2]Country_Data!$A$2:$A$9,[2]Country_Data!$D$2:$D$9))/_xlfn.SINGLE(_xlfn.XLOOKUP($F$6,[2]Country_Data!$A$2:$A$9,[2]Country_Data!$B$2:$B$9)),"-") -> 0.6514019
B39: Ocean Leakage Rate (%) | C39: =_xlfn.XLOOKUP($B$6,'Country Breakdown Tables'!$A$14:$A$21,'Country Breakdown Tables'!D14:D21,,0) -> 0.11239647 | F39: Ocean Leakage Rate (%) | G39: =IFERROR(_xlfn.SINGLE(_xlfn.XLOOKUP($F$6,[2]Country_Data!$A$2:$A$9,[2]Country_Data!$E$2:$E$9))/_xlfn.SINGLE(_xlfn.XLOOKUP($F$6,[2]Country_Data!$A$2:$A$9,[2]Country_Data!$B$2:$B$9)),"-") -> 0.11374146

Sheet Waste Management
A1: 🌍 PLASTIC POLLUTION —WASTE MANAGEMENT

Sheet Financial Policy
A1: 🌍 PLASTIC POLLUTION —FINANCIAL POLICY
B5: Total Waste | D5: Total Cleanup Cost | F5: Avg Cost Per Ton | H5: Avg Policy Index
B6: =SUM(Plastic_Pollution_Data[Waste_Tons]) -> 3807793.5 | D6: =SUM(Plastic_Pollution_Data[Cleanup_Cost_USD]) -> 3.0615582e+08 | F6: =AVERAGE(Plastic_Pollution_Data[Cleanup_Cost_USD]) -> 204103.88 | H6: =AVERAGE(Plastic_Pollution_Data[Policy_Index]) -> 5.4104933
