Workbook
Name LDFCandidate: INDEX('Candidates 2024'!$I$3:$I$22,MATCH('Candidates 2024'!$C$1,'Candidates 2024'!$C$3:$C$22,0))
Name NDACandidate: INDEX('Candidates 2024'!$M$3:$M$22,MATCH('Candidates 2024'!$C$1,'Candidates 2024'!$C$3:$C$22,0))
Name PicOfCurrentMp: INDEX('Current MPs'!$E$3:$E$22,MATCH('Current MPs'!$C$1,'Current MPs'!$C$3:$C$22,0))
Name UDFCandidate: INDEX('Candidates 2024'!$E$3:$E$22,MATCH('Candidates 2024'!$C$1,'Candidates 2024'!$C$3:$C$22,0))

Sheet Dashboard
B2: Constituency | C2: Thiruvananthapuram
B3: Number of Voters | C3: =VLOOKUP(C2,'Current MPs'!C3:L22,7,FALSE) -> 1371427
B4: Votes Polled | C4: =VLOOKUP(C2,'Current MPs'!C3:L22,8,FALSE) -> 1011268
B10: Name | C10: =VLOOKUP(C2,'Current MPs'!C3:L22,2,FALSE) -> Shashi Tharoor | E10: =VLOOKUP(C2,'Candidates 2024'!C3:O22,2,FALSE) -> Shashi Tharoor | G10: =VLOOKUP(C2,'Candidates 2024'!C3:O22,6,FALSE) -> Pannyan Raveendran | I10: =VLOOKUP(C2,'Candidates 2024'!C3:O22,10,FALSE) -> Rajeev Chandrasekhar
B11: Age | C11: =VLOOKUP(C2,'Current MPs'!C3:L22,4,FALSE) -> 68 | E11: =VLOOKUP(C2,'Candidates 2024'!C3:O22,4,FALSE) -> 68 | G11: =VLOOKUP(C2,'Candidates 2024'!C3:O22,8,FALSE) -> 78 | I11: =VLOOKUP(C2,'Candidates 2024'!C3:O22,12,FALSE) -> 59
B12: Party | C12: =VLOOKUP(C2,'Current MPs'!C3:L22,6,FALSE) -> INC | E12: =VLOOKUP(C2,'Candidates 2024'!C3:O22,5,FALSE) -> INC | G12: =VLOOKUP(C2,'Candidates 2024'!C3:O22,9,FALSE) -> CPI | I12: =VLOOKUP(C2,'Candidates 2024'!C3:O22,13,FALSE) -> BJP
B13: Alliance | C13: =VLOOKUP(C2,'Current MPs'!C3:L22,5,FALSE) -> UDF | E13: UDF | G13: LDF | I13: NDA
B15: Votes Received
B16: =VLOOKUP(C2,'Current MPs'!C3:L22,9,FALSE) -> 416131
B17: Margin
B18: =VLOOKUP(C2,'Current MPs'!C3:L22,10,FALSE) -> 99989
B24: For Text box in Malayalam
B25: =VLOOKUP(C2,Constituencies!C3:D22,2,FALSE) -> തിരുവനന്തപുരം
B28: Constituency | C28: =C2 -> Thiruvananthapuram
B29: UDF | C29: =VLOOKUP(C28,'2019 Results'!C3:F22,2,FALSE) -> 416151
B30: LDF | C30: =VLOOKUP(C28,'2019 Results'!C3:F22,3,FALSE) -> 258556
B31: NDA | C31: =VLOOKUP(C28,'2019 Results'!C3:F22,4,FALSE) -> 316142

Sheet Current MPs
C1: =Dashboard!C2 -> Thiruvananthapuram | E1: =INDEX($E$3:$E$22,MATCH($C$1,$C$3:$C$22,0)) -> 0
B2: No. | C2: Constituency | D2: Name of Elected M.P. | E2: Picture | F2: Age | G2: Alliance | H2: Party | I2: Electors | J2: Votes Polled | K2: Votes Received | L2: Margin | M2: Remarks
B3: 1 | C3: Kasaragod | D3: Rajmohan Unnithan | F3: 70 | G3: UDF | H3: INC | I3: 1363937 | J3: 1100099 | K3: 474961 | L3: 40438
B4: 2 | C4: Kannur | D4: K. Sudhakaran | F4: 75 | G4: UDF | H4: INC | I4: 1266550 | J4: 1054746 | K4: 529741 | L4: 94559
B5: 3 | C5: Vatakara | D5: K. Muraleedharan | F5: 66 | G5: UDF | H5: INC | I5: 1288926 | J5: 1065932 | K5: 526755 | L5: 84663
B6: 4 | C6: Wayanad | D6: Rahul Gandhi | F6: 53 | G6: UDF | H6: INC | I6: 1359679 | J6: 1092759 | K6: 706367 | L6: 431770
B7: 5 | C7: Kozhikode | D7: M. K. Raghavan | F7: 71 | G7: UDF | H7: INC | I7: 1318024 | J7: 1076882 | K7: 493444 | L7: 85225
B8: 6 | C8: Malappuram | D8: M. P. Abdussamad Samadani | F8: 65 | G8: UDF | H8: IUML | I8: 1370544 | J8: 1034799 | K8: 538248 | L8: 114692 | M8: Bye-election 2021
B9: 7 | C9: Ponnani | D9: E. T. Muhammed Basheer | F9: 77 | G9: UDF | H9: IUML | I9: 1356803 | J9: 1017366 | K9: 521824 | L9: 193273
B10: 8 | C10: Palakkad | D10: V. K. Sreekandan | F10: 54 | G10: UDF | H10: INC | I10: 1323010 | J10: 1028874 | K10: 399274 | L10: 11637
B11: 9 | C11: Alathur | D11: Ramya Haridas | F11: 38 | G11: UDF | H11: INC | I11: 1266794 | J11: 1019376 | K11: 533815 | L11: 158968
B12: 10 | C12: Thrissur | D12: T. N. Prathapan | F12: 63 | G12: UDF | H12: INC | I12: 1337110 | J12: 1042122 | K12: 415089 | L12: 93633
B13: 11 | C13: Chalakudy | D13: Benny Behanan | F13: 71 | G13: UDF | H13: INC | I13: 1230197 | J13: 990433 | K13: 473444 | L13: 132274
B14: 12 | C14: Ernakulam | D14: Hibi Eden | F14: 40 | G14: UDF | H14: INC | I14: 1245972 | J14: 967390 | K14: 491263 | L14: 169153
B15: 13 | C15: Idukki | D15: Dean Kuriakose | F15: 42 | G15: UDF | H15: INC | I15: 1204191 | J15: 919559 | K15: 498493 | L15: 171053
B16: 14 | C16: Kottayam | D16: Thomas Chazhikadan | F16: 71 | G16: LDF | H16: KCM | I16: 1206698 | J16: 910648 | K16: 421046 | L16: 106259
B17: 15 | C17: Alappuzha | D17: A. M. Ariff | F17: 59 | G17: LDF | H17: CPIM | I17: 1356701 | J17: 1090112 | K17: 445970 | L17: 10474
B18: 16 | C18: Mavelikkara | D18: Kodikunnil Suresh | F18: 61 | G18: UDF | H18: INC | I18: 1308102 | J18: 972360 | K18: 440415 | L18: 61138
B19: 17 | C19: Pathanamthitta | D19: Anto Antony Punnathaniyil | F19: 66 | G19: UDF | H19: INC | I19: 1382741 | J19: 1027378 | K19: 380927 | L19: 44243
B20: 18 | C20: Kollam | D20: N. K. Premachandran | F20: 63 | G20: UDF | H20: RSP | I20: 1296720 | J20: 969017 | K20: 499677 | L20: 148856
... B22: 20 | C22: Thiruvananthapuram | D22: Shashi Tharoor | F22: 68 | G22: UDF | H22: INC | I22: 1371427 | J22: 1011268 | K22: 416131 | L22: 99989

Sheet Candidates 2024
C1: =Dashboard!C2 -> Thiruvananthapuram | E1: =INDEX($E$3:$E$22,MATCH($C$1,$C$3:$C$22,0)) -> 0 | I1: =INDEX($I$3:$I$22,MATCH($C$1,$C$3:$C$22,0)) -> 0 | M1: =INDEX($M$3:$M$22,MATCH($C$1,$C$3:$C$22,0)) -> 0
B2: No. | C2: Constituency | D2: UDF Candidate | E2: Picture | F2: Age | G2: Party | H2: LDF Candidate | I2: Picture | J2: Age | K2: Party | L2: NDA Candidate | M2: Picture | N2: Age | O2: Party | P2: Remarks
B3: 1 | C3: Kasaragod | D3: Rajmohan Unnithan | F3: 70 | G3: INC | H3: M V Balakrishnan | J3: 74 | K3: CPI(M) | L3: M L Ashwini | N3: 38 | O3: BJP
B4: 2 | C4: Kannur | D4: K Sudhakaran | F4: 75 | G4: INC | H4: M V Jayarajan | J4: 63 | K4: CPI(M) | L4: C Raghunath | N4: 67 | O4: BJP
B5: 3 | C5: Vatakara | D5: Shafi Parambil | F5: 41 | G5: INC | H5: K K Shailaja | J5: 67 | K5: CPI(M) | L5: Praphul Krishnan | N5: 38 | O5: BJP
B6: 4 | C6: Wayanad | D6: Rahul Gandhi | F6: 53 | G6: INC | H6: Annie Raja | J6: 60 | K6: CPI | L6: K Surendran | N6: 54 | O6: BJP
B7: 5 | C7: Kozhikode | D7: M K Raghavan | F7: 71 | G7: INC | H7: Elamaram Kareem | J7: 70 | K7: CPI(M) | L7: M T Ramesh | N7: 53 | O7: BJP
B8: 6 | C8: Malappuram | D8: E T Mohammed Basheer | F8: 77 | G8: IUML | H8: V Vaseef | J8: 40 | K8: CPI(M) | L8: Dr. Abdul Salam | N8: 71 | O8: BJP
B9: 7 | C9: Ponnani | D9: Abdussamad Samadani | F9: 65 | G9: IUML | H9: K S Hamza | J9: 56 | K9: CPI(M) | L9: Adv. Nivedida | N9: 53 | O9: BJP
B10: 8 | C10: Palakkad | D10: V K Sreekandan | F10: 54 | G10: INC | H10: A Vijayaraghavan | J10: 67 | K10: CPI(M) | L10: C KrishnaKumar | N10: 52 | O10: BJP
B11: 9 | C11: Alathur | D11: Ramya Haridas | F11: 38 | G11: INC | H11: K Radhakrishnan | J11: 60 | K11: CPI(M) | L11: Dr. T N Sarasu | N11: 64 | O11: BJP | P11: SC Reservation
B12: 10 | C12: Thrissur | D12: K Muraleedharan | F12: 66 | G12: INC | H12: Adv. V S Sunil Kumar | J12: 56 | K12: CPI | L12: Suresh Gopi | N12: 65 | O12: BJP
B13: 11 | C13: Chalakudy | D13: Benny Behanan | F13: 71 | G13: INC | H13: Prof. C Raveendranath | J13: 68 | K13: CPI(M) | L13: K A Unnikrishnan | N13: 56 | O13: BDJS
B14: 12 | C14: Ernakulam | D14: Hibi Eden | F14: 40 | G14: INC | H14: K J Shine | J14: 53 | K14: CPI(M) | L14: K S Radhakrishnan | N14: 69 | O14: BJP
B15: 13 | C15: Idukki | D15: Dean Kuriakose | F15: 42 | G15: INC | H15: Joice George | J15: 53 | K15: CPI(M) | L15: Sangeetha Vishwanathan | N15: 47 | O15: BDJS
B16: 14 | C16: Kottayam | D16: Francis George | F16: 68 | G16: KEC | H16: Thomas Chazhikadan | J16: 71 | K16: KC(M) | L16: Thushar Vellapally | N16: 55 | O16: BDJS
B17: 15 | C17: Alappuzha | D17: K C Venugopal | F17: 61 | G17: INC | H17: A M Ariff | J17: 59 | K17: CPI(M) | L17: Sobha Surendran | N17: 50 | O17: BJP
B18: 16 | C18: Mavelikkara | D18: Kodikunnil Suresh | F18: 61 | G18: INC | H18: Adv. C A Arun Kumar | J18: 40 | K18: CPI | L18: Baiju Kalasala | N18: 52 | O18: BDJS | P18: SC Reservation
B19: 17 | C19: Pathanamthitta | D19: Anto Antony | F19: 66 | G19: INC | H19: Dr. Thomas Issac | J19: 71 | K19: CPI(M) | L19: Anil Antony | N19: 38 | O19: BJP
B20: 18 | C20: Kollam | D20: N K Premachandran | F20: 63 | G20: RSP | H20: M Mukesh | J20: 67 | K20: CPI(M) | L20: G Krishnakumar | N20: 55 | O20: BJP
B21: 19 | C21: Attingal | D21: Adoor Prakash | F21: 71 | G21: INC | H21: V Joy | J21: 58 | K21: CPI(M) | L21: V Muraleedharan | N21: 65 | O21: BJP
B22: 20 | C22: Thiruvananthapuram | D22: Shashi Tharoor | F22: 68 | G22: INC | H22: Pannyan Raveendran | J22: 78 | K22: CPI | L22: Rajeev Chandrasekhar | N22: 59 | O22: BJP

Sheet Constituencies
B2: No. | C2: Constituency | D2: in Malayalam
B3: 1 | C3: Kasaragod | D3: കാസർഗോഡ്
B4: 2 | C4: Kannur | D4: കണ്ണൂർ
B5: 3 | C5: Vatakara | D5: വടകര
B6: 4 | C6: Wayanad | D6: വയനാട്
B7: 5 | C7: Kozhikode | D7: കോഴിക്കോട്
B8: 6 | C8: Malappuram | D8: മലപ്പുറം
B9: 7 | C9: Ponnani | D9: പൊന്നാനി
B10: 8 | C10: Palakkad | D10: പാലക്കാട്
B11: 9 | C11: Alathur | D11: ആലത്തൂർ
B12: 10 | C12: Thrissur | D12: തൃശൂർ
B13: 11 | C13: Chalakudy | D13: ചാലക്കുടി
B14: 12 | C14: Ernakulam | D14: എറണാകുളം
... B22: 20 | C22: Thiruvananthapuram | D22: തിരുവനന്തപുരം

Sheet 2019 Results
B2: No. | C2: Constituency | D2: UDF Votes | E2: LDF Votes | F2: NDA Votes
B3: 1 | C3: Kasaragod | D3: 474961 | E3: 434523 | F3: 176049
B4: 2 | C4: Kannur | D4: 529741 | E4: 435182 | F4: 68509
B5: 3 | C5: Vatakara | D5: 526755 | E5: 442092 | F5: 80128
B6: 4 | C6: Wayanad | D6: 706367 | E6: 274597 | F6: 78816
B7: 5 | C7: Kozhikode | D7: 493444 | E7: 408219 | F7: 161216
B8: 6 | C8: Malappuram | D8: 589873 | E8: 329720 | F8: 82332
B9: 7 | C9: Ponnani | D9: 521824 | E9: 328551 | F9: 110603
B10: 8 | C10: Palakkad | D10: 399274 | E10: 387637 | F10: 218556
B11: 9 | C11: Alathur | D11: 533815 | E11: 374847 | F11: 89837
B12: 10 | C12: Thrissur | D12: 415089 | E12: 321456 | F12: 293822
B13: 11 | C13: Chalakudy | D13: 473444 | E13: 341170 | F13: 154159
B14: 12 | C14: Ernakulam | D14: 491263 | E14: 322110 | F14: 137749
... B22: 20 | C22: Thiruvananthapuram | D22: 416151 | E22: 258556 | F22: 316142
